{"mean":{"confidence_interval":{"confidence_level":0.95,"lower_bound":2354547.0902840914,"upper_bound":2358879.4240909084},"point_estimate":2356653.0331818177,"standard_error":1105.130885204973},"median":{"confidence_interval":{"confidence_level":0.95,"lower_bound":2353022.4772727275,"upper_bound":2357630.590909091},"point_estimate":2354741.0,"standard_error":1130.3499708088252},"median_abs_dev":{"confidence_interval":{"confidence_level":0.95,"lower_bound":5646.860231225096,"upper_bound":11249.328386648385},"point_estimate":8775.340766933643,"standard_error":1440.3961943894947},"slope":null,"std_dev":{"confidence_interval":{"confidence_level":0.95,"lower_bound":9042.06863464678,"upper_bound":12833.384449424193},"point_estimate":11061.969886119285,"standard_error":968.2554497798802}}