{"mean":{"confidence_interval":{"confidence_level":0.95,"lower_bound":2354905.8062272724,"upper_bound":2360771.136886365},"point_estimate":2357674.7209090907,"standard_error":1497.0110827032445},"median":{"confidence_interval":{"confidence_level":0.95,"lower_bound":2352960.4318181816,"upper_bound":2357699.272727273},"point_estimate":2354707.8863636362,"standard_error":1292.1638325834197},"median_abs_dev":{"confidence_interval":{"confidence_level":0.95,"lower_bound":7269.592016393457,"upper_bound":12701.071748374226},"point_estimate":9185.852482373033,"standard_error":1405.5565839440542},"slope":null,"std_dev":{"confidence_interval":{"confidence_level":0.95,"lower_bound":10577.261749313397,"upper_bound":18997.90107539448},"point_estimate":14955.701227212263,"standard_error":2167.5657928922633}}